,,,,,,
,,,,,,
DAILY  SERVICE REPORT,,,,,,
NAME OF THE FACIAL ,STEPS,AMOUNT,NET QUANTITY,QUANTITY PER FACIAL ,PER FACIAL COST,BILL PRICE
DAIMOND FACIAL,CLENSER ,750,500 GRAMS,10 GM,15,
,SCRUB,425,500GRAMS,10 GM ,8.5,
,SERUM,1400,400ML ,5 ML ,17.5,
,TONER ,250,1000 ML ,5 ML ,1.2,
,MASSAGE ,1500,500 GRAMS,15 GM,45,
,PACK,1750,500 GRAMS,15 GM,52.5,
,,,,,139.7,
,,,,,,
PEARL FACIAL ,CLENSER,500,500 GRAMS,10 GM,10,
,SCRUB,425,500 GRAMS,10 GM,8.5,
,TONER ,250,1000 ML ,5 ML,1.2,
,MASSAGE  ,950,500 GRAMS,15 GM,28.5,
,PACK ,1200,500 GRAMS,15 GM,36,
,POLISH,750,500 GRAMS,5 GM,7.5,
,,,,,91.7,
,,,,,,
NATUR'S PAPPAYA,CLENSER ,500,500 GRAMS,10 GM,10,
,SCRUB ,600,200 GRAMS,5 GM,15,
,SERUM,750,400 ML,10 ML,18.5,
,MASSAGE ,850,500 GRAMS,15 GM,25.5,
,PACK,1200,500 GRAMS,15 GM,36,
,,,,,105,
,,,,,,
WHITENING CLEANUP,CLENSER,850,4000 ML,15 ML,3.1,
,SCRUB ,410,800 GRAMS,10 GM,5.1,
,MASSAGE ,400,500 GRAMS,15 GM,12,
,TONER,250,1000 ML,5 ML,1.2,
,PACK,3000,1000 GRAMS,40 GM,120,
,ROSE WATER,280,5000 ML ,120 ML ,6,
,,,,,147.4,
,,,,,,
BASIC CLEANUP,CLENSER,850,4000 ML ,15 ML,3.1,
,SCRUB,410,800 GRAMS,10 GM,5.1,
,TONER,250,1000 ML ,5 ML,1.2,
,PACK,460,900 GRAMS,15 GM,7.6,
,,,,,17,
,,,,,,
HYDRAVITA CLEANUP,CLENSER,516,250 ML,10 GM ,20.5,
,SCRUB,581,260 GRAMS,10 GM ,22.5,
,TONER,484,250 ML ,5 ML ,9.5,
,MASSAGE ,633,250 GRAMS,15 GM,37,
,PACK,321,60 GRAMS,15 GM,80,
,,,,,169.5,
,,,,,,
PURAVITA CLEANUP,CLENSER,516,260 GRAMS,10 GM,19.5,
,SCRUB,549,300 GRAMS,10 GM,18,
,TONER,484,250 ML ,5 ML ,9.5,
,MASSAGE,633,300 GRAMS,15 GM,31,
,PACK ,321,60 GRAMS,15 GM,80,
,,,,,158,
,,,,,,
,,,,,,
GOLDSHEEN FACIAL,FACIAL KIT 1,2141,6 KIT,1 KIT,356,
,CLENSER ,516,260 GRAMS,10 GM,19.5,
,SCRUB,549,300 GRAMS,10 GM ,18,
,TONER ,484,250 ML ,5 ML,9.5,
,MASSAGE ,633,300 GRAMS,15 GM,31,
,,,,,434,
,,,,,,
INSTAFAIR FACIAL ,FACIAL KIT 1,1816,6 KIT ,1 KIT,302,
,CLENSER ,516,260 GRAMS,10 GM,19.5,
,SCRUB,549,300 GRAMS,10 GM ,18,
,TONER ,484,250 ML ,5 ML,9.5,
,MASSAGE ,633,300 GRAMS,15 GM,31,
,,,,,380,
,,,,,,
DIPIGMENTONE ,FACIAL KIT 1,1491,6 KIT,1 KIT,248,
,CLENSER ,516,260 GRAMS,10 GM,19.5,
,SCRUB,549,300 GRAMS,10 GM ,18,
,,,,,285.5,
,,,,,,
GLOWDERMI,FACIAL KIT 1,1296,6 KIT,1 KIT,216,
,CLENSER ,516,260 GRAMS,10 GM,19.5,
,SCRUB,549,300 GRAMS,10 GM ,18,
,MASSAGE ,633,300 GRAMS,15 GM,31,
,,,,,284.5,
,,,,,,
,,,,,,
ACNEX ,FACIAL KIT 1,1491,6 KIT ,1 KIT,248,
,CLENSER ,516,260 GRAMS,10 GM,19.5,
,SCRUB,549,300 GRAMS,10 GM ,18,
,TONER ,484,250 ML ,5 ML,9.5,
,,,,,295,
,,,,,,
PAPPAYA FACIAL ,FACIAL KIT 1 ,2401,5 KIT,1 KIT,480,
BEAR BERRY FACIAL ,FACIAL KIT 1 ,2466,5 KIT ,1 KIT,493,
VINO GRAPES FACILA,FACIAL KIT 1 ,2401,5 KIT,1 KIT,480,
PINE APPLE,FACIAL KIT 1 ,2401,5 KIT,1 KIT,480,
KIWI FACIAL,FACIAL KIT 1 ,2466,5 KIT,1 KIT,493,
ULTIMA PEARL FACIAL,FACIAL KIT 1 ,3766,5 KIT ,1 KIT,753,
RETAMIN YOUTH BRIGHTEING FACIAL,FACIAL KIT 1 ,2710,6 KIT,1 KIT,451,
RETAMIN SKIN BRIGHTEING FACIAL,FACIAL KIT 1 ,2437,6 KIT,1 KIT,406,
BRIDELGLOW SKIN WHITENING FACIAL ,FACIAL KIT 1 ,1462,6 KIT,1 KIT,243,
BRIDELGLOW SKIN BRIGHTENING FACIAL ,FACIAL KIT 1 ,1540,6 KIT,1 KIT,256,
PROMEN FACIAL,FACIAL KIT 1 ,1657,6 KIT,1 KIT,276,
RAAGA GOLD FACIAL ,FACIAL KIT 1 ,356,1 KIT,1 KIT,356,
RAAGA PLATINUM FACIAL ,FACIAL KIT 1 ,408,1 KIT,1 KIT,408,
RAAGA BRIDEL FACIAL ,FACIAL KIT 1 ,562,1 KIT,1 KIT,562,
LOTUS PEDICURE ,FACIAL KIT 1 ,1231,5 KIT,1 KIT,246,
RAAGA PEDICURE ,FACIAL KIT 1 ,165,1 KIT,1 KIT,165,
RAAGA D TAN ,,962,500 GRAMS,20 GM,38,
,,,,,,
RAAGA WAX,1 TIN,970,800 GRAMS ,150 GM ,181,"FULL LEG,FULL ARMS,UNDER ARMS"
,,,,,,
HAIR SPA ,1 BOX,800,500 GM,166 GM,265,FOR THE SHOLDER LEVEL
,,,,,,
,,,,,,
MAJIREL MEN COLOUR,,,,90 GM,270,
INOVA MEN COLOUR,,,,70 GM,340,
,,,,,,
,,,,,,
,,,,,,
DEAD SEA ANTI TAN PEDICUTRE KIT,PEDICURE KIT ,794,6 KIT,1 KIT,133,
CANDELSPA PEDI MANI,PEDICURE KIT ,1220,6 KIT,1 KIT,203,
SEASOUL HYDRA FACIAL,FACIAL KIT,885,6 KIT,1 KIT,147,
KOREAN GLASS FACIAL,FACIAL KIT,1525,6 KIT,1 KIT,254,
BOMHSHELL PEDI MANI,PEDICURE KIT ,1220,6 KIT,1 KIT,203,
DAED SEA DEEP HYDRATE FACIAL KIT,FACIAL KIT,1372,6 KIT,1 KIT,228,
DEAD SEA ARGAN CLYING OILY FACIAL KIT,FACIAL KIT,1372,6 KIT,1 KIT,228,
DEAD SEA ARG CLARIFYING ACNE FACIAL KIT,FACIAL KIT,1372,6 KIT ,1 KIT,228,
DEAD SEA ANTI AGING FACIAL,FACIAL KIT,1372,6 KIT,1 KIT,228,
GOLD MOROCON ANTI AGING FACIAL ,FACIAL KIT,1402,6 KIT,1 KIT ,233,
GOLD MOROCO ARGAN DRY SKIN FACIAL ,FACIAL KIT ,1402,6 KIT ,1 KIT ,233,
GOLD MOROCON ARGAN OILY SKIN FACIAL ,FACIAL KIT ,1402,6 KIT ,1 KIT ,233,
SEASOUL BASIC ORGANIC CLEAN UP DRY SKIN,CLEAN UP KIT,549,6 KIT ,1 KIT ,92,
SEASOUL BASIC ORGANIC CLEAN UP OILY SKIN ,CLEAN UP KIT,549,6 KIT,1 KIT,92,
SEASOUL BASIC ORGANIC ACNE CLEAN UP ,CLEAN UP KIT,549,6 KIT,1 KIT ,92,
SEASOUL BASIC ORGANIC BRAZILLIAN ,CLEAN UP KIT,549,6 KIT ,1 KIT ,92,
CRYO-RED CARPET DEPIGMENTATION FACIAL ,FACIAL KIT ,2288,6 KIT ,1 KIT ,382,
CRYO-RED CARPET DNA ANTI AGING FACIAL ,FACIAL KIT ,2288,6 KIT ,1 KIT ,382,
CRYO-RED CARPET DNA PORE MINIMISING FACIAL,FACIAL KIT,2288,6 KIT,1 KIT ,382,
BASIC MANI PEDI ,PEDICURE KIT ,230,6 KIT ,1 KIT ,38,
DERMA ICE-BRIGHTENING ANTI ACNE FACIAL ,FACIAL KIT ,1770,6 KIT,1 KIT ,295,
DERMA ICE-FACIAL INSTANTGLOW FACIAL ,FACIAL KIT ,1770,6 KIT ,1 KIT ,295,
DERMA ICE-FACIAL TIGHTENING FACIAL ,FACIAL KIT ,1770,6 KIT ,1 KIT ,295,
SEASOUL PURE MOIST FACIAL ,FACIAL KIT ,732,6 KIT ,1 KIT ,122,
SEASOUL PURE PORE FACIAL ,FACIAL KIT ,732,6 KIT ,1 KIT ,122,
CHOCOLATE MINT PEDICURE ,PEDICURE KIT ,610,6 KIT ,1 KIT ,102,
DEAD SEA CHOCOMINT FACIAL ,FACIAL KIT ,1006,6 KIT ,1 KIT ,167,
